<?xml version="1.0" encoding="UTF-8" ?>
<!-- This is a WordPress eXtended RSS file generated by WordPress as an export of your site. -->
<!-- It contains information about your site's posts, pages, comments, categories, and other content. -->
<!-- You may use this file to transfer that content from one site to another. -->
<!-- This file is not intended to serve as a complete backup of your site. -->

<!-- To import this information into a WordPress site follow these steps: -->
<!-- 1. Log in to that site as an administrator. -->
<!-- 2. Go to Tools: Import in the WordPress admin panel. -->
<!-- 3. Install the "WordPress" importer from the list. -->
<!-- 4. Activate & Run Importer. -->
<!-- 5. Upload this file using the form provided on that page. -->
<!-- 6. You will first be asked to map the authors in this export file to users -->
<!--    on the site. For each author, you may choose to map to an -->
<!--    existing user on the site or to create a new user. -->
<!-- 7. WordPress will then import each of the posts, pages, comments, categories, etc. -->
<!--    contained in this file into your site. -->

<!-- generator="WordPress/4.7" created="2017-01-07 22:15" -->
<rss version="2.0"
	xmlns:excerpt="http://wordpress.org/export/1.2/excerpt/"
	xmlns:content="http://purl.org/rss/1.0/modules/content/"
	xmlns:wfw="http://wellformedweb.org/CommentAPI/"
	xmlns:dc="http://purl.org/dc/elements/1.1/"
	xmlns:wp="http://wordpress.org/export/1.2/"
>

<channel>
	<title>Octolooks</title>
	<link>http://localhost/wordpress</link>
	<description>Just another WordPress site</description>
	<pubDate>Sat, 07 Jan 2017 22:15:50 +0000</pubDate>
	<language>en-US</language>
	<wp:wxr_version>1.2</wp:wxr_version>
	<wp:base_site_url>http://localhost/wordpress</wp:base_site_url>
	<wp:base_blog_url>http://localhost/wordpress</wp:base_blog_url>

	<wp:author><wp:author_id>1</wp:author_id><wp:author_login><![CDATA[admin]]></wp:author_login><wp:author_email><![CDATA[akayakagunduz@gmail.com]]></wp:author_email><wp:author_display_name><![CDATA[admin]]></wp:author_display_name><wp:author_first_name><![CDATA[]]></wp:author_first_name><wp:author_last_name><![CDATA[]]></wp:author_last_name></wp:author>


	<generator>https://wordpress.org/?v=4.7</generator>

	<item>
		<title>George Michael Youtube Videos</title>
		<link>http://localhost/wordpress/?scrape=george-michael-youtube-videos</link>
		<pubDate>Sat, 07 Jan 2017 16:39:19 +0000</pubDate>
		<dc:creator><![CDATA[admin]]></dc:creator>
		<guid isPermaLink="false">http://localhost/wp_plugin/?post_type=scrape&#038;p=1</guid>
		<description></description>
		<content:encoded><![CDATA[]]></content:encoded>
		<excerpt:encoded><![CDATA[]]></excerpt:encoded>
		<wp:post_id>1</wp:post_id>
		<wp:post_date><![CDATA[2017-01-07 18:39:19]]></wp:post_date>
		<wp:post_date_gmt><![CDATA[2017-01-07 16:39:19]]></wp:post_date_gmt>
		<wp:comment_status><![CDATA[closed]]></wp:comment_status>
		<wp:ping_status><![CDATA[closed]]></wp:ping_status>
		<wp:post_name><![CDATA[george-michael-youtube-videos]]></wp:post_name>
		<wp:status><![CDATA[publish]]></wp:status>
		<wp:post_parent>0</wp:post_parent>
		<wp:menu_order>0</wp:menu_order>
		<wp:post_type><![CDATA[scrape]]></wp:post_type>
		<wp:post_password><![CDATA[]]></wp:post_password>
		<wp:is_sticky>0</wp:is_sticky>
		<wp:postmeta>
			<wp:meta_key><![CDATA[scrape_workstatus]]></wp:meta_key>
			<wp:meta_value><![CDATA[waiting]]></wp:meta_value>
		</wp:postmeta>
		<wp:postmeta>
			<wp:meta_key><![CDATA[scrape_run_count]]></wp:meta_key>
			<wp:meta_value><![CDATA[0]]></wp:meta_value>
		</wp:postmeta>
		<wp:postmeta>
			<wp:meta_key><![CDATA[scrape_start_time]]></wp:meta_key>
			<wp:meta_value><![CDATA[]]></wp:meta_value>
		</wp:postmeta>
		<wp:postmeta>
			<wp:meta_key><![CDATA[scrape_end_time]]></wp:meta_key>
			<wp:meta_value><![CDATA[]]></wp:meta_value>
		</wp:postmeta>
		<wp:postmeta>
			<wp:meta_key><![CDATA[scrape_task_id]]></wp:meta_key>
			<wp:meta_value><![CDATA[1]]></wp:meta_value>
		</wp:postmeta>
		<wp:postmeta>
			<wp:meta_key><![CDATA[scrape_category]]></wp:meta_key>
			<wp:meta_value><![CDATA[]]></wp:meta_value>
		</wp:postmeta>
		<wp:postmeta>
			<wp:meta_key><![CDATA[scrape_post_unlimited]]></wp:meta_key>
			<wp:meta_value><![CDATA[]]></wp:meta_value>
		</wp:postmeta>
		<wp:postmeta>
			<wp:meta_key><![CDATA[scrape_unique_url]]></wp:meta_key>
			<wp:meta_value><![CDATA[]]></wp:meta_value>
		</wp:postmeta>
		<wp:postmeta>
			<wp:meta_key><![CDATA[scrape_unique_content]]></wp:meta_key>
			<wp:meta_value><![CDATA[]]></wp:meta_value>
		</wp:postmeta>
		<wp:postmeta>
			<wp:meta_key><![CDATA[scrape_waitpage]]></wp:meta_key>
			<wp:meta_value><![CDATA[3]]></wp:meta_value>
		</wp:postmeta>
		<wp:postmeta>
			<wp:meta_key><![CDATA[scrape_onerror]]></wp:meta_key>
			<wp:meta_value><![CDATA[next]]></wp:meta_value>
		</wp:postmeta>
		<wp:postmeta>
			<wp:meta_key><![CDATA[scrape_cron_type]]></wp:meta_key>
			<wp:meta_value><![CDATA[wordpress]]></wp:meta_value>
		</wp:postmeta>
		<wp:postmeta>
			<wp:meta_key><![CDATA[scrape_post_limit]]></wp:meta_key>
			<wp:meta_value><![CDATA[30]]></wp:meta_value>
		</wp:postmeta>
		<wp:postmeta>
			<wp:meta_key><![CDATA[scrape_run_limit]]></wp:meta_key>
			<wp:meta_value><![CDATA[1]]></wp:meta_value>
		</wp:postmeta>
		<wp:postmeta>
			<wp:meta_key><![CDATA[scrape_stillworking]]></wp:meta_key>
			<wp:meta_value><![CDATA[terminate]]></wp:meta_value>
		</wp:postmeta>
		<wp:postmeta>
			<wp:meta_key><![CDATA[scrape_timeout]]></wp:meta_key>
			<wp:meta_value><![CDATA[60]]></wp:meta_value>
		</wp:postmeta>
		<wp:postmeta>
			<wp:meta_key><![CDATA[scrape_finish_repeat_enabled]]></wp:meta_key>
			<wp:meta_value><![CDATA[on]]></wp:meta_value>
		</wp:postmeta>
		<wp:postmeta>
			<wp:meta_key><![CDATA[scrape_finish_repeat]]></wp:meta_key>
			<wp:meta_value><![CDATA[5]]></wp:meta_value>
		</wp:postmeta>
		<wp:postmeta>
			<wp:meta_key><![CDATA[scrape_unique_title]]></wp:meta_key>
			<wp:meta_value><![CDATA[on]]></wp:meta_value>
		</wp:postmeta>
		<wp:postmeta>
			<wp:meta_key><![CDATA[scrape_on_unique]]></wp:meta_key>
			<wp:meta_value><![CDATA[update]]></wp:meta_value>
		</wp:postmeta>
		<wp:postmeta>
			<wp:meta_key><![CDATA[scrape_status]]></wp:meta_key>
			<wp:meta_value><![CDATA[draft]]></wp:meta_value>
		</wp:postmeta>
		<wp:postmeta>
			<wp:meta_key><![CDATA[scrape_date_type]]></wp:meta_key>
			<wp:meta_value><![CDATA[runtime]]></wp:meta_value>
		</wp:postmeta>
		<wp:postmeta>
			<wp:meta_key><![CDATA[scrape_comment]]></wp:meta_key>
			<wp:meta_value><![CDATA[on]]></wp:meta_value>
		</wp:postmeta>
		<wp:postmeta>
			<wp:meta_key><![CDATA[scrape_featured_type]]></wp:meta_key>
			<wp:meta_value><![CDATA[xpath]]></wp:meta_value>
		</wp:postmeta>
		<wp:postmeta>
			<wp:meta_key><![CDATA[scrape_author]]></wp:meta_key>
			<wp:meta_value><![CDATA[1]]></wp:meta_value>
		</wp:postmeta>
		<wp:postmeta>
			<wp:meta_key><![CDATA[scrape_featured]]></wp:meta_key>
			<wp:meta_value><![CDATA[]]></wp:meta_value>
		</wp:postmeta>
		<wp:postmeta>
			<wp:meta_key><![CDATA[scrape_tags_type]]></wp:meta_key>
			<wp:meta_value><![CDATA[xpath]]></wp:meta_value>
		</wp:postmeta>
		<wp:postmeta>
			<wp:meta_key><![CDATA[scrape_tags_separator]]></wp:meta_key>
			<wp:meta_value><![CDATA[]]></wp:meta_value>
		</wp:postmeta>
		<wp:postmeta>
			<wp:meta_key><![CDATA[scrape_tags]]></wp:meta_key>
			<wp:meta_value><![CDATA[]]></wp:meta_value>
		</wp:postmeta>
		<wp:postmeta>
			<wp:meta_key><![CDATA[scrape_excerpt_type]]></wp:meta_key>
			<wp:meta_value><![CDATA[auto]]></wp:meta_value>
		</wp:postmeta>
		<wp:postmeta>
			<wp:meta_key><![CDATA[scrape_allowhtml]]></wp:meta_key>
			<wp:meta_value><![CDATA[on]]></wp:meta_value>
		</wp:postmeta>
		<wp:postmeta>
			<wp:meta_key><![CDATA[scrape_content_type]]></wp:meta_key>
			<wp:meta_value><![CDATA[xpath]]></wp:meta_value>
		</wp:postmeta>
		<wp:postmeta>
			<wp:meta_key><![CDATA[scrape_template_status]]></wp:meta_key>
			<wp:meta_value><![CDATA[on]]></wp:meta_value>
		</wp:postmeta>
		<wp:postmeta>
			<wp:meta_key><![CDATA[scrape_template]]></wp:meta_key>
			<wp:meta_value><![CDATA[[embed width="560" height="315"][scrape_url][/embed]
[scrape_content]]]></wp:meta_value>
		</wp:postmeta>
		<wp:postmeta>
			<wp:meta_key><![CDATA[scrape_content]]></wp:meta_key>
			<wp:meta_value><![CDATA[//p[@id="eow-description"] | //html/body/div[2]/div[4]/div/div[5]/div[2]/div[2]/div/div[2]/div[4]/div/div/div/div[2]/p]]></wp:meta_value>
		</wp:postmeta>
		<wp:postmeta>
			<wp:meta_key><![CDATA[scrape_title]]></wp:meta_key>
			<wp:meta_value><![CDATA[//span[@id="eow-title"] | //html/body/div[2]/div[4]/div/div[5]/div[2]/div[2]/div/div[2]/div[1]/div[1]/div/h1/span]]></wp:meta_value>
		</wp:postmeta>
		<wp:postmeta>
			<wp:meta_key><![CDATA[scrape_categoryxpath_tax]]></wp:meta_key>
			<wp:meta_value><![CDATA[]]></wp:meta_value>
		</wp:postmeta>
		<wp:postmeta>
			<wp:meta_key><![CDATA[scrape_post_type]]></wp:meta_key>
			<wp:meta_value><![CDATA[post]]></wp:meta_value>
		</wp:postmeta>
		<wp:postmeta>
			<wp:meta_key><![CDATA[scrape_nextpage_innerhtml]]></wp:meta_key>
			<wp:meta_value><![CDATA[Sonraki »]]></wp:meta_value>
		</wp:postmeta>
		<wp:postmeta>
			<wp:meta_key><![CDATA[scrape_nextpage]]></wp:meta_key>
			<wp:meta_value><![CDATA[//div[contains(concat(" ", normalize-space(@class), " "), " branded-page-box search-pager spf-link ")]//a[contains(concat(" ", normalize-space(@class), " "), " yt-uix-button vve-check yt-uix-sessionlink yt-uix-button-default yt-uix-button-size-default ")]]]></wp:meta_value>
		</wp:postmeta>
		<wp:postmeta>
			<wp:meta_key><![CDATA[scrape_listitem]]></wp:meta_key>
			<wp:meta_value><![CDATA[//html/body/div[2]/div[4]/div/div[5]/div/div/div/div[1]/div/div[2]/div[1]/ol/li[2]/ol/li[1]/div/div/div[2]/h3/a]]></wp:meta_value>
		</wp:postmeta>
		<wp:postmeta>
			<wp:meta_key><![CDATA[scrape_url_single]]></wp:meta_key>
			<wp:meta_value><![CDATA[https://www.youtube.com/watch?v=izGwDsrQ1eQ]]></wp:meta_value>
		</wp:postmeta>
		<wp:postmeta>
			<wp:meta_key><![CDATA[scrape_url]]></wp:meta_key>
			<wp:meta_value><![CDATA[https://www.youtube.com/results?search_query=george+michael]]></wp:meta_value>
		</wp:postmeta>
		<wp:postmeta>
			<wp:meta_key><![CDATA[scrape_type]]></wp:meta_key>
			<wp:meta_value><![CDATA[list]]></wp:meta_value>
		</wp:postmeta>
		<wp:postmeta>
			<wp:meta_key><![CDATA[scrape_run_unlimited]]></wp:meta_key>
			<wp:meta_value><![CDATA[]]></wp:meta_value>
		</wp:postmeta>
		<wp:postmeta>
			<wp:meta_key><![CDATA[scrape_download_images]]></wp:meta_key>
			<wp:meta_value><![CDATA[]]></wp:meta_value>
		</wp:postmeta>
		<wp:postmeta>
			<wp:meta_key><![CDATA[scrape_title_template_status]]></wp:meta_key>
			<wp:meta_value><![CDATA[]]></wp:meta_value>
		</wp:postmeta>
		<wp:postmeta>
			<wp:meta_key><![CDATA[scrape_title_regex_status]]></wp:meta_key>
			<wp:meta_value><![CDATA[]]></wp:meta_value>
		</wp:postmeta>
		<wp:postmeta>
			<wp:meta_key><![CDATA[scrape_content_template_status]]></wp:meta_key>
			<wp:meta_value><![CDATA[]]></wp:meta_value>
		</wp:postmeta>
		<wp:postmeta>
			<wp:meta_key><![CDATA[scrape_content_regex_status]]></wp:meta_key>
			<wp:meta_value><![CDATA[]]></wp:meta_value>
		</wp:postmeta>
		<wp:postmeta>
			<wp:meta_key><![CDATA[scrape_excerpt_regex_status]]></wp:meta_key>
			<wp:meta_value><![CDATA[]]></wp:meta_value>
		</wp:postmeta>
		<wp:postmeta>
			<wp:meta_key><![CDATA[scrape_excerpt_template_status]]></wp:meta_key>
			<wp:meta_value><![CDATA[]]></wp:meta_value>
		</wp:postmeta>
		<wp:postmeta>
			<wp:meta_key><![CDATA[scrape_category_regex_status]]></wp:meta_key>
			<wp:meta_value><![CDATA[]]></wp:meta_value>
		</wp:postmeta>
		<wp:postmeta>
			<wp:meta_key><![CDATA[scrape_tags_regex_status]]></wp:meta_key>
			<wp:meta_value><![CDATA[]]></wp:meta_value>
		</wp:postmeta>
		<wp:postmeta>
			<wp:meta_key><![CDATA[scrape_workstatus]]></wp:meta_key>
			<wp:meta_value><![CDATA[waiting]]></wp:meta_value>
		</wp:postmeta>
		<wp:postmeta>
			<wp:meta_key><![CDATA[scrape_run_count]]></wp:meta_key>
			<wp:meta_value><![CDATA[1]]></wp:meta_value>
		</wp:postmeta>
		<wp:postmeta>
			<wp:meta_key><![CDATA[scrape_start_time]]></wp:meta_key>
			<wp:meta_value><![CDATA[2017-01-07 18:48:01]]></wp:meta_value>
		</wp:postmeta>
		<wp:postmeta>
			<wp:meta_key><![CDATA[scrape_end_time]]></wp:meta_key>
			<wp:meta_value><![CDATA[2017-01-07 18:48:23]]></wp:meta_value>
		</wp:postmeta>
		<wp:postmeta>
			<wp:meta_key><![CDATA[scrape_task_id]]></wp:meta_key>
			<wp:meta_value><![CDATA[1]]></wp:meta_value>
		</wp:postmeta>
		<wp:postmeta>
			<wp:meta_key><![CDATA[scrape_recurrance]]></wp:meta_key>
			<wp:meta_value><![CDATA[scrape_1 Month]]></wp:meta_value>
		</wp:postmeta>
	</item>
	<item>
		<title>Wikipedia Random Article</title>
		<link>http://localhost/wordpress/?scrape=wikipedia-random-article</link>
		<pubDate>Sat, 07 Jan 2017 16:51:48 +0000</pubDate>
		<dc:creator><![CDATA[admin]]></dc:creator>
		<guid isPermaLink="false">http://localhost/wp_plugin/?post_type=scrape&#038;p=31</guid>
		<description></description>
		<content:encoded><![CDATA[]]></content:encoded>
		<excerpt:encoded><![CDATA[]]></excerpt:encoded>
		<wp:post_id>31</wp:post_id>
		<wp:post_date><![CDATA[2017-01-07 18:51:48]]></wp:post_date>
		<wp:post_date_gmt><![CDATA[2017-01-07 16:51:48]]></wp:post_date_gmt>
		<wp:comment_status><![CDATA[closed]]></wp:comment_status>
		<wp:ping_status><![CDATA[closed]]></wp:ping_status>
		<wp:post_name><![CDATA[wikipedia-random-article]]></wp:post_name>
		<wp:status><![CDATA[publish]]></wp:status>
		<wp:post_parent>0</wp:post_parent>
		<wp:menu_order>0</wp:menu_order>
		<wp:post_type><![CDATA[scrape]]></wp:post_type>
		<wp:post_password><![CDATA[]]></wp:post_password>
		<wp:is_sticky>0</wp:is_sticky>
		<wp:postmeta>
			<wp:meta_key><![CDATA[scrape_workstatus]]></wp:meta_key>
			<wp:meta_value><![CDATA[waiting]]></wp:meta_value>
		</wp:postmeta>
		<wp:postmeta>
			<wp:meta_key><![CDATA[scrape_run_count]]></wp:meta_key>
			<wp:meta_value><![CDATA[0]]></wp:meta_value>
		</wp:postmeta>
		<wp:postmeta>
			<wp:meta_key><![CDATA[scrape_start_time]]></wp:meta_key>
			<wp:meta_value><![CDATA[]]></wp:meta_value>
		</wp:postmeta>
		<wp:postmeta>
			<wp:meta_key><![CDATA[scrape_end_time]]></wp:meta_key>
			<wp:meta_value><![CDATA[]]></wp:meta_value>
		</wp:postmeta>
		<wp:postmeta>
			<wp:meta_key><![CDATA[scrape_task_id]]></wp:meta_key>
			<wp:meta_value><![CDATA[31]]></wp:meta_value>
		</wp:postmeta>
		<wp:postmeta>
			<wp:meta_key><![CDATA[scrape_url]]></wp:meta_key>
			<wp:meta_value><![CDATA[https://en.wikipedia.org/wiki/Special:Random]]></wp:meta_value>
		</wp:postmeta>
		<wp:postmeta>
			<wp:meta_key><![CDATA[scrape_type]]></wp:meta_key>
			<wp:meta_value><![CDATA[single]]></wp:meta_value>
		</wp:postmeta>
		<wp:postmeta>
			<wp:meta_key><![CDATA[scrape_url_single]]></wp:meta_key>
			<wp:meta_value><![CDATA[]]></wp:meta_value>
		</wp:postmeta>
		<wp:postmeta>
			<wp:meta_key><![CDATA[scrape_post_type]]></wp:meta_key>
			<wp:meta_value><![CDATA[post]]></wp:meta_value>
		</wp:postmeta>
		<wp:postmeta>
			<wp:meta_key><![CDATA[scrape_categoryxpath_tax]]></wp:meta_key>
			<wp:meta_value><![CDATA[category]]></wp:meta_value>
		</wp:postmeta>
		<wp:postmeta>
			<wp:meta_key><![CDATA[scrape_categoryxpath]]></wp:meta_key>
			<wp:meta_value><![CDATA[//div[@id="mw-normal-catlinks"] | //html/body/div[3]/div[3]/div[6]/div]]></wp:meta_value>
		</wp:postmeta>
		<wp:postmeta>
			<wp:meta_key><![CDATA[scrape_categoryxpath_separator]]></wp:meta_key>
			<wp:meta_value><![CDATA[|]]></wp:meta_value>
		</wp:postmeta>
		<wp:postmeta>
			<wp:meta_key><![CDATA[scrape_category_regex_finds]]></wp:meta_key>
			<wp:meta_value><![CDATA[a:1:{i:0;s:11:"Categories:";}]]></wp:meta_value>
		</wp:postmeta>
		<wp:postmeta>
			<wp:meta_key><![CDATA[scrape_category_regex_replaces]]></wp:meta_key>
			<wp:meta_value><![CDATA[a:1:{i:0;s:0:"";}]]></wp:meta_value>
		</wp:postmeta>
		<wp:postmeta>
			<wp:meta_key><![CDATA[scrape_category_regex_status]]></wp:meta_key>
			<wp:meta_value><![CDATA[on]]></wp:meta_value>
		</wp:postmeta>
		<wp:postmeta>
			<wp:meta_key><![CDATA[scrape_title]]></wp:meta_key>
			<wp:meta_value><![CDATA[//h1[@id="firstHeading"] | //html/body/div[3]/h1]]></wp:meta_value>
		</wp:postmeta>
		<wp:postmeta>
			<wp:meta_key><![CDATA[scrape_template]]></wp:meta_key>
			<wp:meta_value><![CDATA[]]></wp:meta_value>
		</wp:postmeta>
		<wp:postmeta>
			<wp:meta_key><![CDATA[scrape_content_type]]></wp:meta_key>
			<wp:meta_value><![CDATA[auto]]></wp:meta_value>
		</wp:postmeta>
		<wp:postmeta>
			<wp:meta_key><![CDATA[scrape_allowhtml]]></wp:meta_key>
			<wp:meta_value><![CDATA[on]]></wp:meta_value>
		</wp:postmeta>
		<wp:postmeta>
			<wp:meta_key><![CDATA[scrape_excerpt_type]]></wp:meta_key>
			<wp:meta_value><![CDATA[auto]]></wp:meta_value>
		</wp:postmeta>
		<wp:postmeta>
			<wp:meta_key><![CDATA[scrape_tags]]></wp:meta_key>
			<wp:meta_value><![CDATA[]]></wp:meta_value>
		</wp:postmeta>
		<wp:postmeta>
			<wp:meta_key><![CDATA[scrape_tags_separator]]></wp:meta_key>
			<wp:meta_value><![CDATA[]]></wp:meta_value>
		</wp:postmeta>
		<wp:postmeta>
			<wp:meta_key><![CDATA[scrape_tags_type]]></wp:meta_key>
			<wp:meta_value><![CDATA[xpath]]></wp:meta_value>
		</wp:postmeta>
		<wp:postmeta>
			<wp:meta_key><![CDATA[scrape_featured]]></wp:meta_key>
			<wp:meta_value><![CDATA[//div[@id="mw-content-text"]/div[1][contains(concat(" ", normalize-space(@class), " "), " thumb tright ")]/div[contains(concat(" ", normalize-space(@class), " "), " thumbinner ")]/a[contains(concat(" ", normalize-space(@class), " "), " image ")]/img[contains(concat(" ", normalize-space(@class), " "), " thumbimage ")]/@src | //html/body/div[3]/div[3]/div[4]/div[1]/div/a/img/@src]]></wp:meta_value>
		</wp:postmeta>
		<wp:postmeta>
			<wp:meta_key><![CDATA[scrape_featured_type]]></wp:meta_key>
			<wp:meta_value><![CDATA[xpath]]></wp:meta_value>
		</wp:postmeta>
		<wp:postmeta>
			<wp:meta_key><![CDATA[scrape_author]]></wp:meta_key>
			<wp:meta_value><![CDATA[1]]></wp:meta_value>
		</wp:postmeta>
		<wp:postmeta>
			<wp:meta_key><![CDATA[scrape_status]]></wp:meta_key>
			<wp:meta_value><![CDATA[draft]]></wp:meta_value>
		</wp:postmeta>
		<wp:postmeta>
			<wp:meta_key><![CDATA[scrape_date]]></wp:meta_key>
			<wp:meta_value><![CDATA[//li[@id="footer-info-lastmod"] | //html/body/div[5]/ul[1]/li[1]]]></wp:meta_value>
		</wp:postmeta>
		<wp:postmeta>
			<wp:meta_key><![CDATA[scrape_date_type]]></wp:meta_key>
			<wp:meta_value><![CDATA[xpath]]></wp:meta_value>
		</wp:postmeta>
		<wp:postmeta>
			<wp:meta_key><![CDATA[scrape_comment]]></wp:meta_key>
			<wp:meta_value><![CDATA[on]]></wp:meta_value>
		</wp:postmeta>
		<wp:postmeta>
			<wp:meta_key><![CDATA[scrape_unique_title]]></wp:meta_key>
			<wp:meta_value><![CDATA[on]]></wp:meta_value>
		</wp:postmeta>
		<wp:postmeta>
			<wp:meta_key><![CDATA[scrape_on_unique]]></wp:meta_key>
			<wp:meta_value><![CDATA[skip]]></wp:meta_value>
		</wp:postmeta>
		<wp:postmeta>
			<wp:meta_key><![CDATA[scrape_cron_type]]></wp:meta_key>
			<wp:meta_value><![CDATA[wordpress]]></wp:meta_value>
		</wp:postmeta>
		<wp:postmeta>
			<wp:meta_key><![CDATA[scrape_run_unlimited]]></wp:meta_key>
			<wp:meta_value><![CDATA[on]]></wp:meta_value>
		</wp:postmeta>
		<wp:postmeta>
			<wp:meta_key><![CDATA[scrape_recurrance]]></wp:meta_key>
			<wp:meta_value><![CDATA[scrape_5 Minutes]]></wp:meta_value>
		</wp:postmeta>
		<wp:postmeta>
			<wp:meta_key><![CDATA[scrape_timeout]]></wp:meta_key>
			<wp:meta_value><![CDATA[60]]></wp:meta_value>
		</wp:postmeta>
		<wp:postmeta>
			<wp:meta_key><![CDATA[scrape_unique_content]]></wp:meta_key>
			<wp:meta_value><![CDATA[]]></wp:meta_value>
		</wp:postmeta>
		<wp:postmeta>
			<wp:meta_key><![CDATA[scrape_unique_url]]></wp:meta_key>
			<wp:meta_value><![CDATA[]]></wp:meta_value>
		</wp:postmeta>
		<wp:postmeta>
			<wp:meta_key><![CDATA[scrape_category]]></wp:meta_key>
			<wp:meta_value><![CDATA[]]></wp:meta_value>
		</wp:postmeta>
		<wp:postmeta>
			<wp:meta_key><![CDATA[scrape_post_unlimited]]></wp:meta_key>
			<wp:meta_value><![CDATA[]]></wp:meta_value>
		</wp:postmeta>
		<wp:postmeta>
			<wp:meta_key><![CDATA[scrape_download_images]]></wp:meta_key>
			<wp:meta_value><![CDATA[]]></wp:meta_value>
		</wp:postmeta>
		<wp:postmeta>
			<wp:meta_key><![CDATA[scrape_template_status]]></wp:meta_key>
			<wp:meta_value><![CDATA[]]></wp:meta_value>
		</wp:postmeta>
		<wp:postmeta>
			<wp:meta_key><![CDATA[scrape_finish_repeat_enabled]]></wp:meta_key>
			<wp:meta_value><![CDATA[]]></wp:meta_value>
		</wp:postmeta>
		<wp:postmeta>
			<wp:meta_key><![CDATA[scrape_title_template_status]]></wp:meta_key>
			<wp:meta_value><![CDATA[]]></wp:meta_value>
		</wp:postmeta>
		<wp:postmeta>
			<wp:meta_key><![CDATA[scrape_title_regex_status]]></wp:meta_key>
			<wp:meta_value><![CDATA[]]></wp:meta_value>
		</wp:postmeta>
		<wp:postmeta>
			<wp:meta_key><![CDATA[scrape_content_template_status]]></wp:meta_key>
			<wp:meta_value><![CDATA[]]></wp:meta_value>
		</wp:postmeta>
		<wp:postmeta>
			<wp:meta_key><![CDATA[scrape_content_regex_status]]></wp:meta_key>
			<wp:meta_value><![CDATA[]]></wp:meta_value>
		</wp:postmeta>
		<wp:postmeta>
			<wp:meta_key><![CDATA[scrape_excerpt_regex_status]]></wp:meta_key>
			<wp:meta_value><![CDATA[]]></wp:meta_value>
		</wp:postmeta>
		<wp:postmeta>
			<wp:meta_key><![CDATA[scrape_excerpt_template_status]]></wp:meta_key>
			<wp:meta_value><![CDATA[]]></wp:meta_value>
		</wp:postmeta>
		<wp:postmeta>
			<wp:meta_key><![CDATA[scrape_tags_regex_status]]></wp:meta_key>
			<wp:meta_value><![CDATA[]]></wp:meta_value>
		</wp:postmeta>
		<wp:postmeta>
			<wp:meta_key><![CDATA[scrape_workstatus]]></wp:meta_key>
			<wp:meta_value><![CDATA[waiting]]></wp:meta_value>
		</wp:postmeta>
		<wp:postmeta>
			<wp:meta_key><![CDATA[scrape_run_count]]></wp:meta_key>
			<wp:meta_value><![CDATA[9]]></wp:meta_value>
		</wp:postmeta>
		<wp:postmeta>
			<wp:meta_key><![CDATA[scrape_start_time]]></wp:meta_key>
			<wp:meta_value><![CDATA[2017-01-07 20:28:23]]></wp:meta_value>
		</wp:postmeta>
		<wp:postmeta>
			<wp:meta_key><![CDATA[scrape_end_time]]></wp:meta_key>
			<wp:meta_value><![CDATA[2017-01-07 20:28:26]]></wp:meta_value>
		</wp:postmeta>
		<wp:postmeta>
			<wp:meta_key><![CDATA[scrape_task_id]]></wp:meta_key>
			<wp:meta_value><![CDATA[31]]></wp:meta_value>
		</wp:postmeta>
	</item>
	<item>
		<title>Ebay Top Cell Phones</title>
		<link>http://localhost/wordpress/?scrape=ebay-top-cell-phones</link>
		<pubDate>Sat, 07 Jan 2017 17:06:27 +0000</pubDate>
		<dc:creator><![CDATA[admin]]></dc:creator>
		<guid isPermaLink="false">http://localhost/wp_plugin/?post_type=scrape&#038;p=33</guid>
		<description></description>
		<content:encoded><![CDATA[]]></content:encoded>
		<excerpt:encoded><![CDATA[]]></excerpt:encoded>
		<wp:post_id>33</wp:post_id>
		<wp:post_date><![CDATA[2017-01-07 19:06:27]]></wp:post_date>
		<wp:post_date_gmt><![CDATA[2017-01-07 17:06:27]]></wp:post_date_gmt>
		<wp:comment_status><![CDATA[closed]]></wp:comment_status>
		<wp:ping_status><![CDATA[closed]]></wp:ping_status>
		<wp:post_name><![CDATA[ebay-top-cell-phones]]></wp:post_name>
		<wp:status><![CDATA[publish]]></wp:status>
		<wp:post_parent>0</wp:post_parent>
		<wp:menu_order>0</wp:menu_order>
		<wp:post_type><![CDATA[scrape]]></wp:post_type>
		<wp:post_password><![CDATA[]]></wp:post_password>
		<wp:is_sticky>0</wp:is_sticky>
		<wp:postmeta>
			<wp:meta_key><![CDATA[scrape_workstatus]]></wp:meta_key>
			<wp:meta_value><![CDATA[waiting]]></wp:meta_value>
		</wp:postmeta>
		<wp:postmeta>
			<wp:meta_key><![CDATA[scrape_run_count]]></wp:meta_key>
			<wp:meta_value><![CDATA[0]]></wp:meta_value>
		</wp:postmeta>
		<wp:postmeta>
			<wp:meta_key><![CDATA[scrape_start_time]]></wp:meta_key>
			<wp:meta_value><![CDATA[]]></wp:meta_value>
		</wp:postmeta>
		<wp:postmeta>
			<wp:meta_key><![CDATA[scrape_end_time]]></wp:meta_key>
			<wp:meta_value><![CDATA[]]></wp:meta_value>
		</wp:postmeta>
		<wp:postmeta>
			<wp:meta_key><![CDATA[scrape_task_id]]></wp:meta_key>
			<wp:meta_value><![CDATA[33]]></wp:meta_value>
		</wp:postmeta>
		<wp:postmeta>
			<wp:meta_key><![CDATA[scrape_category]]></wp:meta_key>
			<wp:meta_value><![CDATA[]]></wp:meta_value>
		</wp:postmeta>
		<wp:postmeta>
			<wp:meta_key><![CDATA[scrape_post_unlimited]]></wp:meta_key>
			<wp:meta_value><![CDATA[]]></wp:meta_value>
		</wp:postmeta>
		<wp:postmeta>
			<wp:meta_key><![CDATA[scrape_run_unlimited]]></wp:meta_key>
			<wp:meta_value><![CDATA[]]></wp:meta_value>
		</wp:postmeta>
		<wp:postmeta>
			<wp:meta_key><![CDATA[scrape_download_images]]></wp:meta_key>
			<wp:meta_value><![CDATA[]]></wp:meta_value>
		</wp:postmeta>
		<wp:postmeta>
			<wp:meta_key><![CDATA[scrape_template_status]]></wp:meta_key>
			<wp:meta_value><![CDATA[]]></wp:meta_value>
		</wp:postmeta>
		<wp:postmeta>
			<wp:meta_key><![CDATA[scrape_finish_repeat_enabled]]></wp:meta_key>
			<wp:meta_value><![CDATA[]]></wp:meta_value>
		</wp:postmeta>
		<wp:postmeta>
			<wp:meta_key><![CDATA[scrape_title_template_status]]></wp:meta_key>
			<wp:meta_value><![CDATA[]]></wp:meta_value>
		</wp:postmeta>
		<wp:postmeta>
			<wp:meta_key><![CDATA[scrape_unique_content]]></wp:meta_key>
			<wp:meta_value><![CDATA[]]></wp:meta_value>
		</wp:postmeta>
		<wp:postmeta>
			<wp:meta_key><![CDATA[scrape_unique_url]]></wp:meta_key>
			<wp:meta_value><![CDATA[]]></wp:meta_value>
		</wp:postmeta>
		<wp:postmeta>
			<wp:meta_key><![CDATA[scrape_onerror]]></wp:meta_key>
			<wp:meta_value><![CDATA[next]]></wp:meta_value>
		</wp:postmeta>
		<wp:postmeta>
			<wp:meta_key><![CDATA[scrape_waitpage]]></wp:meta_key>
			<wp:meta_value><![CDATA[3]]></wp:meta_value>
		</wp:postmeta>
		<wp:postmeta>
			<wp:meta_key><![CDATA[scrape_timeout]]></wp:meta_key>
			<wp:meta_value><![CDATA[60]]></wp:meta_value>
		</wp:postmeta>
		<wp:postmeta>
			<wp:meta_key><![CDATA[scrape_stillworking]]></wp:meta_key>
			<wp:meta_value><![CDATA[terminate]]></wp:meta_value>
		</wp:postmeta>
		<wp:postmeta>
			<wp:meta_key><![CDATA[scrape_run_limit]]></wp:meta_key>
			<wp:meta_value><![CDATA[1]]></wp:meta_value>
		</wp:postmeta>
		<wp:postmeta>
			<wp:meta_key><![CDATA[scrape_on_unique]]></wp:meta_key>
			<wp:meta_value><![CDATA[update]]></wp:meta_value>
		</wp:postmeta>
		<wp:postmeta>
			<wp:meta_key><![CDATA[scrape_cron_type]]></wp:meta_key>
			<wp:meta_value><![CDATA[wordpress]]></wp:meta_value>
		</wp:postmeta>
		<wp:postmeta>
			<wp:meta_key><![CDATA[scrape_post_limit]]></wp:meta_key>
			<wp:meta_value><![CDATA[100]]></wp:meta_value>
		</wp:postmeta>
		<wp:postmeta>
			<wp:meta_key><![CDATA[scrape_unique_title]]></wp:meta_key>
			<wp:meta_value><![CDATA[on]]></wp:meta_value>
		</wp:postmeta>
		<wp:postmeta>
			<wp:meta_key><![CDATA[scrape_author]]></wp:meta_key>
			<wp:meta_value><![CDATA[1]]></wp:meta_value>
		</wp:postmeta>
		<wp:postmeta>
			<wp:meta_key><![CDATA[scrape_status]]></wp:meta_key>
			<wp:meta_value><![CDATA[draft]]></wp:meta_value>
		</wp:postmeta>
		<wp:postmeta>
			<wp:meta_key><![CDATA[scrape_date_type]]></wp:meta_key>
			<wp:meta_value><![CDATA[runtime]]></wp:meta_value>
		</wp:postmeta>
		<wp:postmeta>
			<wp:meta_key><![CDATA[scrape_comment]]></wp:meta_key>
			<wp:meta_value><![CDATA[on]]></wp:meta_value>
		</wp:postmeta>
		<wp:postmeta>
			<wp:meta_key><![CDATA[scrape_custom_fields]]></wp:meta_key>
			<wp:meta_value><![CDATA[a:6:{i:1483808653903;a:6:{s:4:"name";s:11:"_visibility";s:5:"value";s:0:"";s:9:"attribute";s:0:"";s:8:"template";s:7:"visible";s:15:"template_status";s:2:"on";s:12:"regex_status";s:0:"";}i:1483808660746;a:6:{s:4:"name";s:6:"_price";s:5:"value";s:116:"//span[@id="prcIsum"] | //html/body/div[2]/div[2]/div/div/div[2]/div[5]/div/form/div[2]/div[1]/div[2]/div[2]/span[1]";s:9:"attribute";s:0:"";s:8:"template";s:0:"";s:15:"template_status";s:0:"";s:12:"regex_status";s:0:"";}i:1483808675839;a:6:{s:4:"name";s:14:"_regular_price";s:5:"value";s:116:"//span[@id="prcIsum"] | //html/body/div[2]/div[2]/div/div/div[2]/div[5]/div/form/div[2]/div[1]/div[2]/div[2]/span[1]";s:9:"attribute";s:0:"";s:8:"template";s:0:"";s:15:"template_status";s:0:"";s:12:"regex_status";s:0:"";}i:1483808684703;a:6:{s:4:"name";s:13:"_manage_stock";s:5:"value";s:0:"";s:9:"attribute";s:0:"";s:8:"template";s:2:"no";s:15:"template_status";s:2:"on";s:12:"regex_status";s:0:"";}i:1483808699937;a:6:{s:4:"name";s:13:"_stock_status";s:5:"value";s:0:"";s:9:"attribute";s:0:"";s:8:"template";s:7:"instock";s:15:"template_status";s:2:"on";s:12:"regex_status";s:0:"";}i:1483808727055;a:8:{s:4:"name";s:22:"_product_image_gallery";s:5:"value";s:99:"//div[@id="vi_main_img_fs_slider"] | //html/body/div[2]/div[2]/div/div/div[2]/div[1]/div/div[8]/div";s:9:"attribute";s:0:"";s:8:"template";s:0:"";s:11:"regex_finds";a:1:{i:0;s:3:"l64";}s:14:"regex_replaces";a:1:{i:0;s:4:"l500";}s:12:"regex_status";s:2:"on";s:15:"template_status";s:0:"";}}]]></wp:meta_value>
		</wp:postmeta>
		<wp:postmeta>
			<wp:meta_key><![CDATA[scrape_featured_type]]></wp:meta_key>
			<wp:meta_value><![CDATA[xpath]]></wp:meta_value>
		</wp:postmeta>
		<wp:postmeta>
			<wp:meta_key><![CDATA[scrape_featured]]></wp:meta_key>
			<wp:meta_value><![CDATA[//img[@id="icImg"]/@src | //html/body/div[2]/div[2]/div/div/div[2]/div[1]/div/div[1]/table/tbody/tr/td/a/div/img[2]/@src]]></wp:meta_value>
		</wp:postmeta>
		<wp:postmeta>
			<wp:meta_key><![CDATA[scrape_tags_type]]></wp:meta_key>
			<wp:meta_value><![CDATA[xpath]]></wp:meta_value>
		</wp:postmeta>
		<wp:postmeta>
			<wp:meta_key><![CDATA[scrape_tags_separator]]></wp:meta_key>
			<wp:meta_value><![CDATA[]]></wp:meta_value>
		</wp:postmeta>
		<wp:postmeta>
			<wp:meta_key><![CDATA[scrape_tags]]></wp:meta_key>
			<wp:meta_value><![CDATA[]]></wp:meta_value>
		</wp:postmeta>
		<wp:postmeta>
			<wp:meta_key><![CDATA[scrape_excerpt_type]]></wp:meta_key>
			<wp:meta_value><![CDATA[auto]]></wp:meta_value>
		</wp:postmeta>
		<wp:postmeta>
			<wp:meta_key><![CDATA[scrape_allowhtml]]></wp:meta_key>
			<wp:meta_value><![CDATA[on]]></wp:meta_value>
		</wp:postmeta>
		<wp:postmeta>
			<wp:meta_key><![CDATA[scrape_content_type]]></wp:meta_key>
			<wp:meta_value><![CDATA[xpath]]></wp:meta_value>
		</wp:postmeta>
		<wp:postmeta>
			<wp:meta_key><![CDATA[scrape_template]]></wp:meta_key>
			<wp:meta_value><![CDATA[]]></wp:meta_value>
		</wp:postmeta>
		<wp:postmeta>
			<wp:meta_key><![CDATA[scrape_content]]></wp:meta_key>
			<wp:meta_value><![CDATA[//div[@id="vi-desc-maincntr"]/div[4][contains(concat(" ", normalize-space(@class), " "), " itemAttr ")]/div[contains(concat(" ", normalize-space(@class), " "), " section ")] | //html/body/div[2]/div[5]/div[1]/div[8]/div[2]/div[1]/div/div/div[4]/div]]></wp:meta_value>
		</wp:postmeta>
		<wp:postmeta>
			<wp:meta_key><![CDATA[scrape_title_regex_status]]></wp:meta_key>
			<wp:meta_value><![CDATA[on]]></wp:meta_value>
		</wp:postmeta>
		<wp:postmeta>
			<wp:meta_key><![CDATA[scrape_title_regex_replaces]]></wp:meta_key>
			<wp:meta_value><![CDATA[a:1:{i:0;s:0:"";}]]></wp:meta_value>
		</wp:postmeta>
		<wp:postmeta>
			<wp:meta_key><![CDATA[scrape_title_regex_finds]]></wp:meta_key>
			<wp:meta_value><![CDATA[a:1:{i:0;s:13:"Details about";}]]></wp:meta_value>
		</wp:postmeta>
		<wp:postmeta>
			<wp:meta_key><![CDATA[scrape_title]]></wp:meta_key>
			<wp:meta_value><![CDATA[//h1[@id="itemTitle"] | //html/body/div[2]/div[2]/div/div/div[2]/div[2]/h1]]></wp:meta_value>
		</wp:postmeta>
		<wp:postmeta>
			<wp:meta_key><![CDATA[scrape_categoryxpath_tax]]></wp:meta_key>
			<wp:meta_value><![CDATA[]]></wp:meta_value>
		</wp:postmeta>
		<wp:postmeta>
			<wp:meta_key><![CDATA[scrape_nextpage]]></wp:meta_key>
			<wp:meta_value><![CDATA[]]></wp:meta_value>
		</wp:postmeta>
		<wp:postmeta>
			<wp:meta_key><![CDATA[scrape_content_template_status]]></wp:meta_key>
			<wp:meta_value><![CDATA[]]></wp:meta_value>
		</wp:postmeta>
		<wp:postmeta>
			<wp:meta_key><![CDATA[scrape_content_regex_status]]></wp:meta_key>
			<wp:meta_value><![CDATA[]]></wp:meta_value>
		</wp:postmeta>
		<wp:postmeta>
			<wp:meta_key><![CDATA[scrape_excerpt_regex_status]]></wp:meta_key>
			<wp:meta_value><![CDATA[]]></wp:meta_value>
		</wp:postmeta>
		<wp:postmeta>
			<wp:meta_key><![CDATA[scrape_excerpt_template_status]]></wp:meta_key>
			<wp:meta_value><![CDATA[]]></wp:meta_value>
		</wp:postmeta>
		<wp:postmeta>
			<wp:meta_key><![CDATA[scrape_category_regex_status]]></wp:meta_key>
			<wp:meta_value><![CDATA[]]></wp:meta_value>
		</wp:postmeta>
		<wp:postmeta>
			<wp:meta_key><![CDATA[scrape_tags_regex_status]]></wp:meta_key>
			<wp:meta_value><![CDATA[]]></wp:meta_value>
		</wp:postmeta>
		<wp:postmeta>
			<wp:meta_key><![CDATA[scrape_workstatus]]></wp:meta_key>
			<wp:meta_value><![CDATA[waiting]]></wp:meta_value>
		</wp:postmeta>
		<wp:postmeta>
			<wp:meta_key><![CDATA[scrape_run_count]]></wp:meta_key>
			<wp:meta_value><![CDATA[1]]></wp:meta_value>
		</wp:postmeta>
		<wp:postmeta>
			<wp:meta_key><![CDATA[scrape_start_time]]></wp:meta_key>
			<wp:meta_value><![CDATA[2017-01-07 19:56:28]]></wp:meta_value>
		</wp:postmeta>
		<wp:postmeta>
			<wp:meta_key><![CDATA[scrape_end_time]]></wp:meta_key>
			<wp:meta_value><![CDATA[2017-01-07 20:00:16]]></wp:meta_value>
		</wp:postmeta>
		<wp:postmeta>
			<wp:meta_key><![CDATA[scrape_task_id]]></wp:meta_key>
			<wp:meta_value><![CDATA[33]]></wp:meta_value>
		</wp:postmeta>
		<wp:postmeta>
			<wp:meta_key><![CDATA[scrape_recurrance]]></wp:meta_key>
			<wp:meta_value><![CDATA[scrape_1 Month]]></wp:meta_value>
		</wp:postmeta>
		<wp:postmeta>
			<wp:meta_key><![CDATA[scrape_nextpage_innerhtml]]></wp:meta_key>
			<wp:meta_value><![CDATA[]]></wp:meta_value>
		</wp:postmeta>
		<wp:postmeta>
			<wp:meta_key><![CDATA[scrape_type]]></wp:meta_key>
			<wp:meta_value><![CDATA[list]]></wp:meta_value>
		</wp:postmeta>
		<wp:postmeta>
			<wp:meta_key><![CDATA[scrape_url]]></wp:meta_key>
			<wp:meta_value><![CDATA[http://www.ebay.com/rpp/globaldeals/electronics/top-cell-phones-and-more]]></wp:meta_value>
		</wp:postmeta>
		<wp:postmeta>
			<wp:meta_key><![CDATA[scrape_url_single]]></wp:meta_key>
			<wp:meta_value><![CDATA[http://www.ebay.com/itm/Samsung-Galaxy-S5-SM-G900V-16gb-4G-LTE-GSM-Smartphone-Verizon-GSM-Unlocked-/191931830671?_trkparms=%26rpp_cid%3D563d3240e4b068819e9e65f9%26rpp_icid%3D563d2ac6e4b0cf394b77cc15&rpp_cat_id=55c84403e4b060180c8114c8]]></wp:meta_value>
		</wp:postmeta>
		<wp:postmeta>
			<wp:meta_key><![CDATA[scrape_listitem]]></wp:meta_key>
			<wp:meta_value><![CDATA[//html/body/div[2]/div/div[3]/div[3]/div/div[1]/div/div[2]/h3/a]]></wp:meta_value>
		</wp:postmeta>
		<wp:postmeta>
			<wp:meta_key><![CDATA[scrape_post_type]]></wp:meta_key>
			<wp:meta_value><![CDATA[product]]></wp:meta_value>
		</wp:postmeta>
	</item>
	<item>
		<title>IMDB Top Comedy</title>
		<link>http://localhost/wordpress/?scrape=imdb-top-comedy</link>
		<pubDate>Sat, 07 Jan 2017 18:32:01 +0000</pubDate>
		<dc:creator><![CDATA[admin]]></dc:creator>
		<guid isPermaLink="false">http://localhost/wp_plugin/?post_type=scrape&#038;p=524</guid>
		<description></description>
		<content:encoded><![CDATA[]]></content:encoded>
		<excerpt:encoded><![CDATA[]]></excerpt:encoded>
		<wp:post_id>524</wp:post_id>
		<wp:post_date><![CDATA[2017-01-07 20:12:51]]></wp:post_date>
		<wp:post_date_gmt><![CDATA[2017-01-07 18:32:01]]></wp:post_date_gmt>
		<wp:comment_status><![CDATA[closed]]></wp:comment_status>
		<wp:ping_status><![CDATA[closed]]></wp:ping_status>
		<wp:post_name><![CDATA[imdb-top-comedy]]></wp:post_name>
		<wp:status><![CDATA[publish]]></wp:status>
		<wp:post_parent>0</wp:post_parent>
		<wp:menu_order>0</wp:menu_order>
		<wp:post_type><![CDATA[scrape]]></wp:post_type>
		<wp:post_password><![CDATA[]]></wp:post_password>
		<wp:is_sticky>0</wp:is_sticky>
		<wp:postmeta>
			<wp:meta_key><![CDATA[scrape_workstatus]]></wp:meta_key>
			<wp:meta_value><![CDATA[waiting]]></wp:meta_value>
		</wp:postmeta>
		<wp:postmeta>
			<wp:meta_key><![CDATA[scrape_run_count]]></wp:meta_key>
			<wp:meta_value><![CDATA[0]]></wp:meta_value>
		</wp:postmeta>
		<wp:postmeta>
			<wp:meta_key><![CDATA[scrape_start_time]]></wp:meta_key>
			<wp:meta_value><![CDATA[]]></wp:meta_value>
		</wp:postmeta>
		<wp:postmeta>
			<wp:meta_key><![CDATA[scrape_end_time]]></wp:meta_key>
			<wp:meta_value><![CDATA[]]></wp:meta_value>
		</wp:postmeta>
		<wp:postmeta>
			<wp:meta_key><![CDATA[scrape_task_id]]></wp:meta_key>
			<wp:meta_value><![CDATA[524]]></wp:meta_value>
		</wp:postmeta>
		<wp:postmeta>
			<wp:meta_key><![CDATA[scrape_content_template_status]]></wp:meta_key>
			<wp:meta_value><![CDATA[]]></wp:meta_value>
		</wp:postmeta>
		<wp:postmeta>
			<wp:meta_key><![CDATA[scrape_workstatus]]></wp:meta_key>
			<wp:meta_value><![CDATA[waiting]]></wp:meta_value>
		</wp:postmeta>
		<wp:postmeta>
			<wp:meta_key><![CDATA[scrape_run_count]]></wp:meta_key>
			<wp:meta_value><![CDATA[2]]></wp:meta_value>
		</wp:postmeta>
		<wp:postmeta>
			<wp:meta_key><![CDATA[scrape_start_time]]></wp:meta_key>
			<wp:meta_value><![CDATA[2017-01-07 20:26:03]]></wp:meta_value>
		</wp:postmeta>
		<wp:postmeta>
			<wp:meta_key><![CDATA[scrape_excerpt_template_status]]></wp:meta_key>
			<wp:meta_value><![CDATA[]]></wp:meta_value>
		</wp:postmeta>
		<wp:postmeta>
			<wp:meta_key><![CDATA[scrape_category_regex_status]]></wp:meta_key>
			<wp:meta_value><![CDATA[]]></wp:meta_value>
		</wp:postmeta>
		<wp:postmeta>
			<wp:meta_key><![CDATA[scrape_content_regex_status]]></wp:meta_key>
			<wp:meta_value><![CDATA[]]></wp:meta_value>
		</wp:postmeta>
		<wp:postmeta>
			<wp:meta_key><![CDATA[scrape_excerpt_regex_status]]></wp:meta_key>
			<wp:meta_value><![CDATA[]]></wp:meta_value>
		</wp:postmeta>
		<wp:postmeta>
			<wp:meta_key><![CDATA[scrape_download_images]]></wp:meta_key>
			<wp:meta_value><![CDATA[]]></wp:meta_value>
		</wp:postmeta>
		<wp:postmeta>
			<wp:meta_key><![CDATA[scrape_template_status]]></wp:meta_key>
			<wp:meta_value><![CDATA[]]></wp:meta_value>
		</wp:postmeta>
		<wp:postmeta>
			<wp:meta_key><![CDATA[scrape_finish_repeat_enabled]]></wp:meta_key>
			<wp:meta_value><![CDATA[]]></wp:meta_value>
		</wp:postmeta>
		<wp:postmeta>
			<wp:meta_key><![CDATA[scrape_title_template_status]]></wp:meta_key>
			<wp:meta_value><![CDATA[]]></wp:meta_value>
		</wp:postmeta>
		<wp:postmeta>
			<wp:meta_key><![CDATA[scrape_unique_content]]></wp:meta_key>
			<wp:meta_value><![CDATA[]]></wp:meta_value>
		</wp:postmeta>
		<wp:postmeta>
			<wp:meta_key><![CDATA[scrape_unique_url]]></wp:meta_key>
			<wp:meta_value><![CDATA[]]></wp:meta_value>
		</wp:postmeta>
		<wp:postmeta>
			<wp:meta_key><![CDATA[scrape_category]]></wp:meta_key>
			<wp:meta_value><![CDATA[]]></wp:meta_value>
		</wp:postmeta>
		<wp:postmeta>
			<wp:meta_key><![CDATA[scrape_waitpage]]></wp:meta_key>
			<wp:meta_value><![CDATA[3]]></wp:meta_value>
		</wp:postmeta>
		<wp:postmeta>
			<wp:meta_key><![CDATA[scrape_onerror]]></wp:meta_key>
			<wp:meta_value><![CDATA[next]]></wp:meta_value>
		</wp:postmeta>
		<wp:postmeta>
			<wp:meta_key><![CDATA[scrape_timeout]]></wp:meta_key>
			<wp:meta_value><![CDATA[60]]></wp:meta_value>
		</wp:postmeta>
		<wp:postmeta>
			<wp:meta_key><![CDATA[scrape_stillworking]]></wp:meta_key>
			<wp:meta_value><![CDATA[wait]]></wp:meta_value>
		</wp:postmeta>
		<wp:postmeta>
			<wp:meta_key><![CDATA[scrape_post_unlimited]]></wp:meta_key>
			<wp:meta_value><![CDATA[on]]></wp:meta_value>
		</wp:postmeta>
		<wp:postmeta>
			<wp:meta_key><![CDATA[scrape_run_unlimited]]></wp:meta_key>
			<wp:meta_value><![CDATA[on]]></wp:meta_value>
		</wp:postmeta>
		<wp:postmeta>
			<wp:meta_key><![CDATA[scrape_recurrance]]></wp:meta_key>
			<wp:meta_value><![CDATA[scrape_1 Day]]></wp:meta_value>
		</wp:postmeta>
		<wp:postmeta>
			<wp:meta_key><![CDATA[scrape_cron_type]]></wp:meta_key>
			<wp:meta_value><![CDATA[wordpress]]></wp:meta_value>
		</wp:postmeta>
		<wp:postmeta>
			<wp:meta_key><![CDATA[scrape_on_unique]]></wp:meta_key>
			<wp:meta_value><![CDATA[skip]]></wp:meta_value>
		</wp:postmeta>
		<wp:postmeta>
			<wp:meta_key><![CDATA[scrape_unique_title]]></wp:meta_key>
			<wp:meta_value><![CDATA[on]]></wp:meta_value>
		</wp:postmeta>
		<wp:postmeta>
			<wp:meta_key><![CDATA[scrape_featured_type]]></wp:meta_key>
			<wp:meta_value><![CDATA[xpath]]></wp:meta_value>
		</wp:postmeta>
		<wp:postmeta>
			<wp:meta_key><![CDATA[scrape_author]]></wp:meta_key>
			<wp:meta_value><![CDATA[1]]></wp:meta_value>
		</wp:postmeta>
		<wp:postmeta>
			<wp:meta_key><![CDATA[scrape_status]]></wp:meta_key>
			<wp:meta_value><![CDATA[draft]]></wp:meta_value>
		</wp:postmeta>
		<wp:postmeta>
			<wp:meta_key><![CDATA[scrape_date_type]]></wp:meta_key>
			<wp:meta_value><![CDATA[runtime]]></wp:meta_value>
		</wp:postmeta>
		<wp:postmeta>
			<wp:meta_key><![CDATA[scrape_comment]]></wp:meta_key>
			<wp:meta_value><![CDATA[on]]></wp:meta_value>
		</wp:postmeta>
		<wp:postmeta>
			<wp:meta_key><![CDATA[scrape_featured]]></wp:meta_key>
			<wp:meta_value><![CDATA[//div[@id="title-overview-widget"]/div[2][contains(concat(" ", normalize-space(@class), " "), " vital ")]/div[3][contains(concat(" ", normalize-space(@class), " "), " slate_wrapper ")]/div[1][contains(concat(" ", normalize-space(@class), " "), " poster ")]/a/img/@src | //html/body/div[1]/div/div[4]/div[5]/div[1]/div/div/div[2]/div[3]/div[1]/a/img/@src]]></wp:meta_value>
		</wp:postmeta>
		<wp:postmeta>
			<wp:meta_key><![CDATA[scrape_tags_regex_status]]></wp:meta_key>
			<wp:meta_value><![CDATA[on]]></wp:meta_value>
		</wp:postmeta>
		<wp:postmeta>
			<wp:meta_key><![CDATA[scrape_tags_type]]></wp:meta_key>
			<wp:meta_value><![CDATA[xpath]]></wp:meta_value>
		</wp:postmeta>
		<wp:postmeta>
			<wp:meta_key><![CDATA[scrape_tags_regex_replaces]]></wp:meta_key>
			<wp:meta_value><![CDATA[a:2:{i:0;s:0:"";i:1;s:0:"";}]]></wp:meta_value>
		</wp:postmeta>
		<wp:postmeta>
			<wp:meta_key><![CDATA[scrape_tags_regex_finds]]></wp:meta_key>
			<wp:meta_value><![CDATA[a:2:{i:0;s:14:"plot keywords:";i:1;s:12:"see all (.*)";}]]></wp:meta_value>
		</wp:postmeta>
		<wp:postmeta>
			<wp:meta_key><![CDATA[scrape_excerpt_type]]></wp:meta_key>
			<wp:meta_value><![CDATA[xpath]]></wp:meta_value>
		</wp:postmeta>
		<wp:postmeta>
			<wp:meta_key><![CDATA[scrape_tags]]></wp:meta_key>
			<wp:meta_value><![CDATA[//div[@id="titleStoryLine"]/div[2][contains(concat(" ", normalize-space(@class), " "), " see-more inline canwrap ")] | //html/body/div[1]/div/div[4]/div[5]/div[3]/div[6]/div[2]]]></wp:meta_value>
		</wp:postmeta>
		<wp:postmeta>
			<wp:meta_key><![CDATA[scrape_tags_separator]]></wp:meta_key>
			<wp:meta_value><![CDATA[|]]></wp:meta_value>
		</wp:postmeta>
		<wp:postmeta>
			<wp:meta_key><![CDATA[scrape_excerpt]]></wp:meta_key>
			<wp:meta_value><![CDATA[//div[@id="title-overview-widget"]/div[3][contains(concat(" ", normalize-space(@class), " "), " plot_summary_wrapper ")]/div[1][contains(concat(" ", normalize-space(@class), " "), " plot_summary ")]/div[1][contains(concat(" ", normalize-space(@class), " "), " summary_text ")] | //html/body/div[1]/div/div[4]/div[5]/div[1]/div/div/div[3]/div[1]/div[1]]]></wp:meta_value>
		</wp:postmeta>
		<wp:postmeta>
			<wp:meta_key><![CDATA[scrape_allowhtml]]></wp:meta_key>
			<wp:meta_value><![CDATA[on]]></wp:meta_value>
		</wp:postmeta>
		<wp:postmeta>
			<wp:meta_key><![CDATA[scrape_content_type]]></wp:meta_key>
			<wp:meta_value><![CDATA[xpath]]></wp:meta_value>
		</wp:postmeta>
		<wp:postmeta>
			<wp:meta_key><![CDATA[scrape_template]]></wp:meta_key>
			<wp:meta_value><![CDATA[]]></wp:meta_value>
		</wp:postmeta>
		<wp:postmeta>
			<wp:meta_key><![CDATA[scrape_content]]></wp:meta_key>
			<wp:meta_value><![CDATA[//div[@id="titleStoryLine"]/div[1][contains(concat(" ", normalize-space(@class), " "), " inline canwrap ")]/p | //html/body/div[1]/div/div[4]/div[5]/div[3]/div[6]/div[1]/p]]></wp:meta_value>
		</wp:postmeta>
		<wp:postmeta>
			<wp:meta_key><![CDATA[scrape_title_regex_status]]></wp:meta_key>
			<wp:meta_value><![CDATA[on]]></wp:meta_value>
		</wp:postmeta>
		<wp:postmeta>
			<wp:meta_key><![CDATA[scrape_title_regex_replaces]]></wp:meta_key>
			<wp:meta_value><![CDATA[a:1:{i:0;s:0:"";}]]></wp:meta_value>
		</wp:postmeta>
		<wp:postmeta>
			<wp:meta_key><![CDATA[scrape_title_regex_finds]]></wp:meta_key>
			<wp:meta_value><![CDATA[a:1:{i:0;s:6:"(d{4})";}]]></wp:meta_value>
		</wp:postmeta>
		<wp:postmeta>
			<wp:meta_key><![CDATA[scrape_title]]></wp:meta_key>
			<wp:meta_value><![CDATA[//div[@id="title-overview-widget"]/div[2][contains(concat(" ", normalize-space(@class), " "), " vital ")]/div[2][contains(concat(" ", normalize-space(@class), " "), " title_block ")]/div[contains(concat(" ", normalize-space(@class), " "), " title_bar_wrapper ")]/div[2][contains(concat(" ", normalize-space(@class), " "), " titleBar ")]/div[2][contains(concat(" ", normalize-space(@class), " "), " title_wrapper ")]/h1 | //html/body/div[1]/div/div[4]/div[5]/div[1]/div/div/div[2]/div[2]/div/div[2]/div[2]/h1]]></wp:meta_value>
		</wp:postmeta>
		<wp:postmeta>
			<wp:meta_key><![CDATA[scrape_categoryxpath_separator]]></wp:meta_key>
			<wp:meta_value><![CDATA[]]></wp:meta_value>
		</wp:postmeta>
		<wp:postmeta>
			<wp:meta_key><![CDATA[scrape_url]]></wp:meta_key>
			<wp:meta_value><![CDATA[http://www.imdb.com/search/title?genres=comedy&title_type=feature&sort=moviemeter,asc]]></wp:meta_value>
		</wp:postmeta>
		<wp:postmeta>
			<wp:meta_key><![CDATA[scrape_url_single]]></wp:meta_key>
			<wp:meta_value><![CDATA[http://www.imdb.com/title/tt3470600/?ref_=adv_li_tt]]></wp:meta_value>
		</wp:postmeta>
		<wp:postmeta>
			<wp:meta_key><![CDATA[scrape_listitem]]></wp:meta_key>
			<wp:meta_value><![CDATA[//html/body/div[1]/div/div[4]/div[3]/div[1]/div/div/div[3]/div[1]/div[3]/h3/a]]></wp:meta_value>
		</wp:postmeta>
		<wp:postmeta>
			<wp:meta_key><![CDATA[scrape_nextpage]]></wp:meta_key>
			<wp:meta_value><![CDATA[//div[contains(concat(" ", normalize-space(@class), " "), " desc ")]//a[contains(concat(" ", normalize-space(@class), " "), " lister-page-next next-page ")]]]></wp:meta_value>
		</wp:postmeta>
		<wp:postmeta>
			<wp:meta_key><![CDATA[scrape_nextpage_innerhtml]]></wp:meta_key>
			<wp:meta_value><![CDATA[Next »]]></wp:meta_value>
		</wp:postmeta>
		<wp:postmeta>
			<wp:meta_key><![CDATA[scrape_post_type]]></wp:meta_key>
			<wp:meta_value><![CDATA[post]]></wp:meta_value>
		</wp:postmeta>
		<wp:postmeta>
			<wp:meta_key><![CDATA[scrape_categoryxpath_tax]]></wp:meta_key>
			<wp:meta_value><![CDATA[category]]></wp:meta_value>
		</wp:postmeta>
		<wp:postmeta>
			<wp:meta_key><![CDATA[scrape_categoryxpath]]></wp:meta_key>
			<wp:meta_value><![CDATA[//div[@id="titleStoryLine"]/div[4][contains(concat(" ", normalize-space(@class), " "), " see-more inline canwrap ")]/a | //html/body/div[1]/div/div[4]/div[5]/div[3]/div[6]/div[4]/a]]></wp:meta_value>
		</wp:postmeta>
		<wp:postmeta>
			<wp:meta_key><![CDATA[scrape_end_time]]></wp:meta_key>
			<wp:meta_value><![CDATA[]]></wp:meta_value>
		</wp:postmeta>
		<wp:postmeta>
			<wp:meta_key><![CDATA[scrape_type]]></wp:meta_key>
			<wp:meta_value><![CDATA[list]]></wp:meta_value>
		</wp:postmeta>
		<wp:postmeta>
			<wp:meta_key><![CDATA[scrape_task_id]]></wp:meta_key>
			<wp:meta_value><![CDATA[524]]></wp:meta_value>
		</wp:postmeta>
	</item>
	<item>
		<title>BBC World News</title>
		<link>http://localhost/wordpress/?scrape=bbc-world-news</link>
		<pubDate>Sat, 07 Jan 2017 18:25:49 +0000</pubDate>
		<dc:creator><![CDATA[admin]]></dc:creator>
		<guid isPermaLink="false">http://localhost/wp_plugin/?post_type=scrape&#038;p=640</guid>
		<description></description>
		<content:encoded><![CDATA[]]></content:encoded>
		<excerpt:encoded><![CDATA[]]></excerpt:encoded>
		<wp:post_id>640</wp:post_id>
		<wp:post_date><![CDATA[2017-01-07 20:25:49]]></wp:post_date>
		<wp:post_date_gmt><![CDATA[2017-01-07 18:25:49]]></wp:post_date_gmt>
		<wp:comment_status><![CDATA[closed]]></wp:comment_status>
		<wp:ping_status><![CDATA[closed]]></wp:ping_status>
		<wp:post_name><![CDATA[bbc-world-news]]></wp:post_name>
		<wp:status><![CDATA[publish]]></wp:status>
		<wp:post_parent>0</wp:post_parent>
		<wp:menu_order>0</wp:menu_order>
		<wp:post_type><![CDATA[scrape]]></wp:post_type>
		<wp:post_password><![CDATA[]]></wp:post_password>
		<wp:is_sticky>0</wp:is_sticky>
		<wp:postmeta>
			<wp:meta_key><![CDATA[scrape_workstatus]]></wp:meta_key>
			<wp:meta_value><![CDATA[waiting]]></wp:meta_value>
		</wp:postmeta>
		<wp:postmeta>
			<wp:meta_key><![CDATA[scrape_run_count]]></wp:meta_key>
			<wp:meta_value><![CDATA[0]]></wp:meta_value>
		</wp:postmeta>
		<wp:postmeta>
			<wp:meta_key><![CDATA[scrape_start_time]]></wp:meta_key>
			<wp:meta_value><![CDATA[]]></wp:meta_value>
		</wp:postmeta>
		<wp:postmeta>
			<wp:meta_key><![CDATA[scrape_end_time]]></wp:meta_key>
			<wp:meta_value><![CDATA[]]></wp:meta_value>
		</wp:postmeta>
		<wp:postmeta>
			<wp:meta_key><![CDATA[scrape_task_id]]></wp:meta_key>
			<wp:meta_value><![CDATA[640]]></wp:meta_value>
		</wp:postmeta>
		<wp:postmeta>
			<wp:meta_key><![CDATA[scrape_title_template_status]]></wp:meta_key>
			<wp:meta_value><![CDATA[]]></wp:meta_value>
		</wp:postmeta>
		<wp:postmeta>
			<wp:meta_key><![CDATA[scrape_title_regex_status]]></wp:meta_key>
			<wp:meta_value><![CDATA[]]></wp:meta_value>
		</wp:postmeta>
		<wp:postmeta>
			<wp:meta_key><![CDATA[scrape_finish_repeat_enabled]]></wp:meta_key>
			<wp:meta_value><![CDATA[]]></wp:meta_value>
		</wp:postmeta>
		<wp:postmeta>
			<wp:meta_key><![CDATA[scrape_template_status]]></wp:meta_key>
			<wp:meta_value><![CDATA[]]></wp:meta_value>
		</wp:postmeta>
		<wp:postmeta>
			<wp:meta_key><![CDATA[scrape_download_images]]></wp:meta_key>
			<wp:meta_value><![CDATA[]]></wp:meta_value>
		</wp:postmeta>
		<wp:postmeta>
			<wp:meta_key><![CDATA[scrape_category]]></wp:meta_key>
			<wp:meta_value><![CDATA[]]></wp:meta_value>
		</wp:postmeta>
		<wp:postmeta>
			<wp:meta_key><![CDATA[scrape_unique_url]]></wp:meta_key>
			<wp:meta_value><![CDATA[]]></wp:meta_value>
		</wp:postmeta>
		<wp:postmeta>
			<wp:meta_key><![CDATA[scrape_unique_content]]></wp:meta_key>
			<wp:meta_value><![CDATA[]]></wp:meta_value>
		</wp:postmeta>
		<wp:postmeta>
			<wp:meta_key><![CDATA[scrape_timeout]]></wp:meta_key>
			<wp:meta_value><![CDATA[60]]></wp:meta_value>
		</wp:postmeta>
		<wp:postmeta>
			<wp:meta_key><![CDATA[scrape_stillworking]]></wp:meta_key>
			<wp:meta_value><![CDATA[terminate]]></wp:meta_value>
		</wp:postmeta>
		<wp:postmeta>
			<wp:meta_key><![CDATA[scrape_recurrance]]></wp:meta_key>
			<wp:meta_value><![CDATA[scrape_5 Minutes]]></wp:meta_value>
		</wp:postmeta>
		<wp:postmeta>
			<wp:meta_key><![CDATA[scrape_run_unlimited]]></wp:meta_key>
			<wp:meta_value><![CDATA[on]]></wp:meta_value>
		</wp:postmeta>
		<wp:postmeta>
			<wp:meta_key><![CDATA[scrape_post_unlimited]]></wp:meta_key>
			<wp:meta_value><![CDATA[on]]></wp:meta_value>
		</wp:postmeta>
		<wp:postmeta>
			<wp:meta_key><![CDATA[scrape_cron_type]]></wp:meta_key>
			<wp:meta_value><![CDATA[wordpress]]></wp:meta_value>
		</wp:postmeta>
		<wp:postmeta>
			<wp:meta_key><![CDATA[scrape_on_unique]]></wp:meta_key>
			<wp:meta_value><![CDATA[skip]]></wp:meta_value>
		</wp:postmeta>
		<wp:postmeta>
			<wp:meta_key><![CDATA[scrape_unique_title]]></wp:meta_key>
			<wp:meta_value><![CDATA[on]]></wp:meta_value>
		</wp:postmeta>
		<wp:postmeta>
			<wp:meta_key><![CDATA[scrape_comment]]></wp:meta_key>
			<wp:meta_value><![CDATA[on]]></wp:meta_value>
		</wp:postmeta>
		<wp:postmeta>
			<wp:meta_key><![CDATA[scrape_date_type]]></wp:meta_key>
			<wp:meta_value><![CDATA[feed]]></wp:meta_value>
		</wp:postmeta>
		<wp:postmeta>
			<wp:meta_key><![CDATA[scrape_status]]></wp:meta_key>
			<wp:meta_value><![CDATA[draft]]></wp:meta_value>
		</wp:postmeta>
		<wp:postmeta>
			<wp:meta_key><![CDATA[scrape_author]]></wp:meta_key>
			<wp:meta_value><![CDATA[1]]></wp:meta_value>
		</wp:postmeta>
		<wp:postmeta>
			<wp:meta_key><![CDATA[scrape_featured_type]]></wp:meta_key>
			<wp:meta_value><![CDATA[feed]]></wp:meta_value>
		</wp:postmeta>
		<wp:postmeta>
			<wp:meta_key><![CDATA[scrape_tags_type]]></wp:meta_key>
			<wp:meta_value><![CDATA[custom]]></wp:meta_value>
		</wp:postmeta>
		<wp:postmeta>
			<wp:meta_key><![CDATA[scrape_tags_custom]]></wp:meta_key>
			<wp:meta_value><![CDATA[bbc,world,news]]></wp:meta_value>
		</wp:postmeta>
		<wp:postmeta>
			<wp:meta_key><![CDATA[scrape_allowhtml]]></wp:meta_key>
			<wp:meta_value><![CDATA[on]]></wp:meta_value>
		</wp:postmeta>
		<wp:postmeta>
			<wp:meta_key><![CDATA[scrape_template]]></wp:meta_key>
			<wp:meta_value><![CDATA[]]></wp:meta_value>
		</wp:postmeta>
		<wp:postmeta>
			<wp:meta_key><![CDATA[scrape_categoryxpath_tax]]></wp:meta_key>
			<wp:meta_value><![CDATA[]]></wp:meta_value>
		</wp:postmeta>
		<wp:postmeta>
			<wp:meta_key><![CDATA[scrape_post_type]]></wp:meta_key>
			<wp:meta_value><![CDATA[post]]></wp:meta_value>
		</wp:postmeta>
		<wp:postmeta>
			<wp:meta_key><![CDATA[scrape_url_single]]></wp:meta_key>
			<wp:meta_value><![CDATA[]]></wp:meta_value>
		</wp:postmeta>
		<wp:postmeta>
			<wp:meta_key><![CDATA[scrape_url]]></wp:meta_key>
			<wp:meta_value><![CDATA[http://feeds.bbci.co.uk/news/world/rss.xml?edition=uk]]></wp:meta_value>
		</wp:postmeta>
		<wp:postmeta>
			<wp:meta_key><![CDATA[scrape_type]]></wp:meta_key>
			<wp:meta_value><![CDATA[feed]]></wp:meta_value>
		</wp:postmeta>
		<wp:postmeta>
			<wp:meta_key><![CDATA[scrape_content_template_status]]></wp:meta_key>
			<wp:meta_value><![CDATA[]]></wp:meta_value>
		</wp:postmeta>
		<wp:postmeta>
			<wp:meta_key><![CDATA[scrape_content_regex_status]]></wp:meta_key>
			<wp:meta_value><![CDATA[]]></wp:meta_value>
		</wp:postmeta>
		<wp:postmeta>
			<wp:meta_key><![CDATA[scrape_excerpt_regex_status]]></wp:meta_key>
			<wp:meta_value><![CDATA[]]></wp:meta_value>
		</wp:postmeta>
		<wp:postmeta>
			<wp:meta_key><![CDATA[scrape_excerpt_template_status]]></wp:meta_key>
			<wp:meta_value><![CDATA[]]></wp:meta_value>
		</wp:postmeta>
		<wp:postmeta>
			<wp:meta_key><![CDATA[scrape_category_regex_status]]></wp:meta_key>
			<wp:meta_value><![CDATA[]]></wp:meta_value>
		</wp:postmeta>
		<wp:postmeta>
			<wp:meta_key><![CDATA[scrape_tags_regex_status]]></wp:meta_key>
			<wp:meta_value><![CDATA[]]></wp:meta_value>
		</wp:postmeta>
		<wp:postmeta>
			<wp:meta_key><![CDATA[scrape_workstatus]]></wp:meta_key>
			<wp:meta_value><![CDATA[waiting]]></wp:meta_value>
		</wp:postmeta>
		<wp:postmeta>
			<wp:meta_key><![CDATA[scrape_run_count]]></wp:meta_key>
			<wp:meta_value><![CDATA[1]]></wp:meta_value>
		</wp:postmeta>
		<wp:postmeta>
			<wp:meta_key><![CDATA[scrape_start_time]]></wp:meta_key>
			<wp:meta_value><![CDATA[2017-01-07 20:28:26]]></wp:meta_value>
		</wp:postmeta>
		<wp:postmeta>
			<wp:meta_key><![CDATA[scrape_end_time]]></wp:meta_key>
			<wp:meta_value><![CDATA[2017-01-07 20:29:19]]></wp:meta_value>
		</wp:postmeta>
		<wp:postmeta>
			<wp:meta_key><![CDATA[scrape_task_id]]></wp:meta_key>
			<wp:meta_value><![CDATA[640]]></wp:meta_value>
		</wp:postmeta>
	</item>
	<item>
		<title>Themeforest All Items</title>
		<link>http://localhost/wordpress/?scrape=themeforest-all-items</link>
		<pubDate>Sat, 07 Jan 2017 22:15:21 +0000</pubDate>
		<dc:creator><![CDATA[admin]]></dc:creator>
		<guid isPermaLink="false">http://localhost/wordpress/?post_type=scrape&#038;p=7109</guid>
		<description></description>
		<content:encoded><![CDATA[]]></content:encoded>
		<excerpt:encoded><![CDATA[]]></excerpt:encoded>
		<wp:post_id>7109</wp:post_id>
		<wp:post_date><![CDATA[2017-01-07 22:01:10]]></wp:post_date>
		<wp:post_date_gmt><![CDATA[2017-01-07 22:15:21]]></wp:post_date_gmt>
		<wp:comment_status><![CDATA[closed]]></wp:comment_status>
		<wp:ping_status><![CDATA[closed]]></wp:ping_status>
		<wp:post_name><![CDATA[themeforest-all-items]]></wp:post_name>
		<wp:status><![CDATA[publish]]></wp:status>
		<wp:post_parent>0</wp:post_parent>
		<wp:menu_order>0</wp:menu_order>
		<wp:post_type><![CDATA[scrape]]></wp:post_type>
		<wp:post_password><![CDATA[]]></wp:post_password>
		<wp:is_sticky>0</wp:is_sticky>
		<wp:postmeta>
			<wp:meta_key><![CDATA[scrape_type]]></wp:meta_key>
			<wp:meta_value><![CDATA[list]]></wp:meta_value>
		</wp:postmeta>
		<wp:postmeta>
			<wp:meta_key><![CDATA[scrape_url]]></wp:meta_key>
			<wp:meta_value><![CDATA[https://themeforest.net/category/all]]></wp:meta_value>
		</wp:postmeta>
		<wp:postmeta>
			<wp:meta_key><![CDATA[scrape_url_single]]></wp:meta_key>
			<wp:meta_value><![CDATA[https://themeforest.net/item/drubo-multipurpose-html-template/19253078?s_rank=1]]></wp:meta_value>
		</wp:postmeta>
		<wp:postmeta>
			<wp:meta_key><![CDATA[scrape_listitem]]></wp:meta_key>
			<wp:meta_value><![CDATA[//html/body/div[1]/div[3]/div[1]/div[2]/div[3]/div/div/div/div[2]/div[2]/ul/li[1]/div/div[1]/div[2]/h3/a]]></wp:meta_value>
		</wp:postmeta>
		<wp:postmeta>
			<wp:meta_key><![CDATA[scrape_nextpage]]></wp:meta_key>
			<wp:meta_value><![CDATA[//html//link[@rel="next"]]]></wp:meta_value>
		</wp:postmeta>
		<wp:postmeta>
			<wp:meta_key><![CDATA[scrape_nextpage_innerhtml]]></wp:meta_key>
			<wp:meta_value><![CDATA[]]></wp:meta_value>
		</wp:postmeta>
		<wp:postmeta>
			<wp:meta_key><![CDATA[scrape_post_type]]></wp:meta_key>
			<wp:meta_value><![CDATA[post]]></wp:meta_value>
		</wp:postmeta>
		<wp:postmeta>
			<wp:meta_key><![CDATA[scrape_categoryxpath_tax]]></wp:meta_key>
			<wp:meta_value><![CDATA[category]]></wp:meta_value>
		</wp:postmeta>
		<wp:postmeta>
			<wp:meta_key><![CDATA[scrape_categoryxpath]]></wp:meta_key>
			<wp:meta_value><![CDATA[//nav[@class="breadcrumbs h-text-truncate "]/a[position() > 2]]]></wp:meta_value>
		</wp:postmeta>
		<wp:postmeta>
			<wp:meta_key><![CDATA[scrape_categoryxpath_separator]]></wp:meta_key>
			<wp:meta_value><![CDATA[]]></wp:meta_value>
		</wp:postmeta>
		<wp:postmeta>
			<wp:meta_key><![CDATA[scrape_title]]></wp:meta_key>
			<wp:meta_value><![CDATA[//div[1][contains(concat(" ", normalize-space(@class), " "), " page ")]/div[3][contains(concat(" ", normalize-space(@class), " "), " page__canvas ")]/div[1][contains(concat(" ", normalize-space(@class), " "), " canvas ")]/div[2][contains(concat(" ", normalize-space(@class), " "), " js-canvas__body canvas__body ")]/div[2][contains(concat(" ", normalize-space(@class), " "), " context-header ")]/div[contains(concat(" ", normalize-space(@class), " "), " grid-container ")]/div[1][contains(concat(" ", normalize-space(@class), " "), " item-header ")]/div[1][contains(concat(" ", normalize-space(@class), " "), " item-header__title ")]/h1[1][contains(concat(" ", normalize-space(@class), " "), " t-heading -color-inherit -size-l is-hidden-phone ")] | //html/body/div[1]/div[3]/div[1]/div[2]/div[2]/div/div[1]/div[1]/h1[1]]]></wp:meta_value>
		</wp:postmeta>
		<wp:postmeta>
			<wp:meta_key><![CDATA[scrape_template]]></wp:meta_key>
			<wp:meta_value><![CDATA[[scrape_content]

Price: $[scrape_meta name="price"]

<a href="[scrape_url]?ref=Octolooks" target="_blank">Buy Now</a>]]></wp:meta_value>
		</wp:postmeta>
		<wp:postmeta>
			<wp:meta_key><![CDATA[scrape_content_regex_finds]]></wp:meta_key>
			<wp:meta_value><![CDATA[a:1:{i:0;s:16:"</?a(|\s+[^>]+)>";}]]></wp:meta_value>
		</wp:postmeta>
		<wp:postmeta>
			<wp:meta_key><![CDATA[scrape_content_regex_replaces]]></wp:meta_key>
			<wp:meta_value><![CDATA[a:1:{i:0;s:0:"";}]]></wp:meta_value>
		</wp:postmeta>
		<wp:postmeta>
			<wp:meta_key><![CDATA[scrape_template_status]]></wp:meta_key>
			<wp:meta_value><![CDATA[on]]></wp:meta_value>
		</wp:postmeta>
		<wp:postmeta>
			<wp:meta_key><![CDATA[scrape_content_regex_status]]></wp:meta_key>
			<wp:meta_value><![CDATA[on]]></wp:meta_value>
		</wp:postmeta>
		<wp:postmeta>
			<wp:meta_key><![CDATA[scrape_content_type]]></wp:meta_key>
			<wp:meta_value><![CDATA[auto]]></wp:meta_value>
		</wp:postmeta>
		<wp:postmeta>
			<wp:meta_key><![CDATA[scrape_allowhtml]]></wp:meta_key>
			<wp:meta_value><![CDATA[on]]></wp:meta_value>
		</wp:postmeta>
		<wp:postmeta>
			<wp:meta_key><![CDATA[scrape_excerpt_type]]></wp:meta_key>
			<wp:meta_value><![CDATA[auto]]></wp:meta_value>
		</wp:postmeta>
		<wp:postmeta>
			<wp:meta_key><![CDATA[scrape_tags]]></wp:meta_key>
			<wp:meta_value><![CDATA[//span[@class="meta-attributes__attr-tags"]]]></wp:meta_value>
		</wp:postmeta>
		<wp:postmeta>
			<wp:meta_key><![CDATA[scrape_tags_separator]]></wp:meta_key>
			<wp:meta_value><![CDATA[,]]></wp:meta_value>
		</wp:postmeta>
		<wp:postmeta>
			<wp:meta_key><![CDATA[scrape_tags_type]]></wp:meta_key>
			<wp:meta_value><![CDATA[xpath]]></wp:meta_value>
		</wp:postmeta>
		<wp:postmeta>
			<wp:meta_key><![CDATA[scrape_featured]]></wp:meta_key>
			<wp:meta_value><![CDATA[//div[@id="content"]/div[contains(concat(" ", normalize-space(@class), " "), " grid-container ")]/div[1][contains(concat(" ", normalize-space(@class), " "), " content-s ")]/div[1][contains(concat(" ", normalize-space(@class), " "), " box--no-padding ")]/div[contains(concat(" ", normalize-space(@class), " "), " item-preview -preview-live ")]/a/img/@src | //html/body/div[1]/div[3]/div[1]/div[2]/div[3]/div/div[1]/div[1]/div/a/img/@src]]></wp:meta_value>
		</wp:postmeta>
		<wp:postmeta>
			<wp:meta_key><![CDATA[scrape_featured_type]]></wp:meta_key>
			<wp:meta_value><![CDATA[xpath]]></wp:meta_value>
		</wp:postmeta>
		<wp:postmeta>
			<wp:meta_key><![CDATA[scrape_custom_fields]]></wp:meta_key>
			<wp:meta_value><![CDATA[a:1:{i:1483826005324;a:8:{s:4:"name";s:5:"price";s:5:"value";s:516:"//div[@id="purchase-form"]/form/div/div[1]/div[1][contains(concat(" ", normalize-space(@class), " "), " purchase-form__selection ")]/div[contains(concat(" ", normalize-space(@class), " "), " js-purchase-heading purchase-form__price t-heading -size-xxl ")]/b[contains(concat(" ", normalize-space(@class), " "), " t-currency ")]/span[contains(concat(" ", normalize-space(@class), " "), " js-purchase-price ")] | //html/body/div[1]/div[3]/div[1]/div[2]/div[3]/div/div[2]/div[1]/div/div/form/div/div[1]/div[1]/div/b/span";s:9:"attribute";s:0:"";s:8:"template";s:0:"";s:11:"regex_finds";a:1:{i:0;s:6:"[^0-9]";}s:14:"regex_replaces";a:1:{i:0;s:0:"";}s:12:"regex_status";s:2:"on";s:15:"template_status";s:0:"";}}]]></wp:meta_value>
		</wp:postmeta>
		<wp:postmeta>
			<wp:meta_key><![CDATA[scrape_author]]></wp:meta_key>
			<wp:meta_value><![CDATA[1]]></wp:meta_value>
		</wp:postmeta>
		<wp:postmeta>
			<wp:meta_key><![CDATA[scrape_status]]></wp:meta_key>
			<wp:meta_value><![CDATA[publish]]></wp:meta_value>
		</wp:postmeta>
		<wp:postmeta>
			<wp:meta_key><![CDATA[scrape_date]]></wp:meta_key>
			<wp:meta_value><![CDATA[//div[@id="content"]/div[contains(concat(" ", normalize-space(@class), " "), " grid-container ")]/div[2][contains(concat(" ", normalize-space(@class), " "), " sidebar-l sidebar-right hentry ")]/div[5][contains(concat(" ", normalize-space(@class), " "), " box -radius-all ")]/div[contains(concat(" ", normalize-space(@class), " "), " meta-attributes ")]/table[contains(concat(" ", normalize-space(@class), " "), " meta-attributes__table ")]/tbody/tr[2]/td[2][contains(concat(" ", normalize-space(@class), " "), " meta-attributes__attr-detail ")]/time | //html/body/div[1]/div[3]/div[1]/div[2]/div[3]/div/div[2]/div[5]/div/table/tbody/tr[2]/td[2]/time]]></wp:meta_value>
		</wp:postmeta>
		<wp:postmeta>
			<wp:meta_key><![CDATA[scrape_date_type]]></wp:meta_key>
			<wp:meta_value><![CDATA[xpath]]></wp:meta_value>
		</wp:postmeta>
		<wp:postmeta>
			<wp:meta_key><![CDATA[scrape_comment]]></wp:meta_key>
			<wp:meta_value><![CDATA[on]]></wp:meta_value>
		</wp:postmeta>
		<wp:postmeta>
			<wp:meta_key><![CDATA[scrape_unique_title]]></wp:meta_key>
			<wp:meta_value><![CDATA[on]]></wp:meta_value>
		</wp:postmeta>
		<wp:postmeta>
			<wp:meta_key><![CDATA[scrape_on_unique]]></wp:meta_key>
			<wp:meta_value><![CDATA[skip]]></wp:meta_value>
		</wp:postmeta>
		<wp:postmeta>
			<wp:meta_key><![CDATA[scrape_cron_type]]></wp:meta_key>
			<wp:meta_value><![CDATA[wordpress]]></wp:meta_value>
		</wp:postmeta>
		<wp:postmeta>
			<wp:meta_key><![CDATA[scrape_post_unlimited]]></wp:meta_key>
			<wp:meta_value><![CDATA[on]]></wp:meta_value>
		</wp:postmeta>
		<wp:postmeta>
			<wp:meta_key><![CDATA[scrape_run_unlimited]]></wp:meta_key>
			<wp:meta_value><![CDATA[on]]></wp:meta_value>
		</wp:postmeta>
		<wp:postmeta>
			<wp:meta_key><![CDATA[scrape_recurrance]]></wp:meta_key>
			<wp:meta_value><![CDATA[scrape_1 Day]]></wp:meta_value>
		</wp:postmeta>
		<wp:postmeta>
			<wp:meta_key><![CDATA[scrape_stillworking]]></wp:meta_key>
			<wp:meta_value><![CDATA[terminate]]></wp:meta_value>
		</wp:postmeta>
		<wp:postmeta>
			<wp:meta_key><![CDATA[scrape_timeout]]></wp:meta_key>
			<wp:meta_value><![CDATA[60]]></wp:meta_value>
		</wp:postmeta>
		<wp:postmeta>
			<wp:meta_key><![CDATA[scrape_waitpage]]></wp:meta_key>
			<wp:meta_value><![CDATA[5]]></wp:meta_value>
		</wp:postmeta>
		<wp:postmeta>
			<wp:meta_key><![CDATA[scrape_onerror]]></wp:meta_key>
			<wp:meta_value><![CDATA[next]]></wp:meta_value>
		</wp:postmeta>
		<wp:postmeta>
			<wp:meta_key><![CDATA[scrape_unique_content]]></wp:meta_key>
			<wp:meta_value><![CDATA[]]></wp:meta_value>
		</wp:postmeta>
		<wp:postmeta>
			<wp:meta_key><![CDATA[scrape_unique_url]]></wp:meta_key>
			<wp:meta_value><![CDATA[]]></wp:meta_value>
		</wp:postmeta>
		<wp:postmeta>
			<wp:meta_key><![CDATA[scrape_category]]></wp:meta_key>
			<wp:meta_value><![CDATA[]]></wp:meta_value>
		</wp:postmeta>
		<wp:postmeta>
			<wp:meta_key><![CDATA[scrape_download_images]]></wp:meta_key>
			<wp:meta_value><![CDATA[]]></wp:meta_value>
		</wp:postmeta>
		<wp:postmeta>
			<wp:meta_key><![CDATA[scrape_finish_repeat_enabled]]></wp:meta_key>
			<wp:meta_value><![CDATA[]]></wp:meta_value>
		</wp:postmeta>
		<wp:postmeta>
			<wp:meta_key><![CDATA[scrape_title_template_status]]></wp:meta_key>
			<wp:meta_value><![CDATA[]]></wp:meta_value>
		</wp:postmeta>
		<wp:postmeta>
			<wp:meta_key><![CDATA[scrape_title_regex_status]]></wp:meta_key>
			<wp:meta_value><![CDATA[]]></wp:meta_value>
		</wp:postmeta>
		<wp:postmeta>
			<wp:meta_key><![CDATA[scrape_content_template_status]]></wp:meta_key>
			<wp:meta_value><![CDATA[]]></wp:meta_value>
		</wp:postmeta>
		<wp:postmeta>
			<wp:meta_key><![CDATA[scrape_excerpt_regex_status]]></wp:meta_key>
			<wp:meta_value><![CDATA[]]></wp:meta_value>
		</wp:postmeta>
		<wp:postmeta>
			<wp:meta_key><![CDATA[scrape_excerpt_template_status]]></wp:meta_key>
			<wp:meta_value><![CDATA[]]></wp:meta_value>
		</wp:postmeta>
		<wp:postmeta>
			<wp:meta_key><![CDATA[scrape_category_regex_status]]></wp:meta_key>
			<wp:meta_value><![CDATA[]]></wp:meta_value>
		</wp:postmeta>
		<wp:postmeta>
			<wp:meta_key><![CDATA[scrape_tags_regex_status]]></wp:meta_key>
			<wp:meta_value><![CDATA[]]></wp:meta_value>
		</wp:postmeta>
		<wp:postmeta>
			<wp:meta_key><![CDATA[scrape_workstatus]]></wp:meta_key>
			<wp:meta_value><![CDATA[waiting]]></wp:meta_value>
		</wp:postmeta>
		<wp:postmeta>
			<wp:meta_key><![CDATA[scrape_run_count]]></wp:meta_key>
			<wp:meta_value><![CDATA[2]]></wp:meta_value>
		</wp:postmeta>
		<wp:postmeta>
			<wp:meta_key><![CDATA[scrape_start_time]]></wp:meta_key>
			<wp:meta_value><![CDATA[2017-01-07 22:15:12]]></wp:meta_value>
		</wp:postmeta>
		<wp:postmeta>
			<wp:meta_key><![CDATA[scrape_end_time]]></wp:meta_key>
			<wp:meta_value><![CDATA[]]></wp:meta_value>
		</wp:postmeta>
		<wp:postmeta>
			<wp:meta_key><![CDATA[scrape_task_id]]></wp:meta_key>
			<wp:meta_value><![CDATA[7109]]></wp:meta_value>
		</wp:postmeta>
	</item>
</channel>
</rss>
